{
  "properties": {
    "connectionReferences": {
      "shared_commondataserviceforapps": {
        "runtimeSource": "embedded",
        "connection": {
          "connectionReferenceLogicalName": "new_sharedcommondataserviceforapps_d94eb"
        },
        "api": {
          "name": "shared_commondataserviceforapps"
        }
      }
    },
    "definition": {
      "$schema": "https://schema.management.azure.com/providers/Microsoft.Logic/schemas/2016-06-01/workflowdefinition.json#",
      "contentVersion": "1.0.0.0",
      "parameters": {
        "$connections": {
          "defaultValue": {},
          "type": "Object"
        },
        "$authentication": {
          "defaultValue": {},
          "type": "SecureObject"
        }
      },
      "triggers": {
        "manual": {
          "metadata": {
            "operationMetadataId": "b11d90c8-de7e-4c67-96bc-b8c7108a2467"
          },
          "type": "Request",
          "kind": "VirtualAgent",
          "inputs": {
            "schema": {
              "type": "object",
              "properties": {
                "text": {
                  "title": "Mobile",
                  "type": "string",
                  "x-ms-dynamically-added": true,
                  "description": "Please enter your input",
                  "x-ms-content-hint": "TEXT"
                },
                "text_2": {
                  "title": "Pin Code",
                  "type": "string",
                  "x-ms-dynamically-added": true,
                  "description": "Please enter your input",
                  "x-ms-content-hint": "TEXT"
                },
                "text_1": {
                  "title": "Email",
                  "type": "string",
                  "x-ms-dynamically-added": true,
                  "description": "Please enter your input",
                  "x-ms-content-hint": "TEXT"
                },
                "text_3": {
                  "title": "RegistrationNumber",
                  "type": "string",
                  "x-ms-dynamically-added": true,
                  "description": "Please enter your input",
                  "x-ms-content-hint": "TEXT"
                },
                "text_4": {
                  "title": "ScheduleStart",
                  "type": "string",
                  "x-ms-dynamically-added": true,
                  "description": "Please enter your input",
                  "x-ms-content-hint": "TEXT"
                }
              },
              "required": [
                "text",
                "text_2",
                "text_1",
                "text_3",
                "text_4"
              ]
            }
          }
        }
      },
      "actions": {
        "Return_value(s)_to_Power_Virtual_Agents": {
          "runAfter": {
            "Condition": [
              "Succeeded"
            ]
          },
          "metadata": {
            "operationMetadataId": "6aae6371-d190-48a8-8f4b-ff5371427629"
          },
          "type": "Response",
          "kind": "VirtualAgent",
          "inputs": {
            "statusCode": 200,
            "body": {
              "casecreation": "@variables('CaseResponse')"
            },
            "schema": {
              "type": "object",
              "properties": {
                "casecreation": {
                  "title": "CaseCreation",
                  "x-ms-dynamically-added": true,
                  "type": "string"
                }
              }
            }
          }
        },
        "List_contacts_with_email_or_mobile": {
          "runAfter": {
            "Convert_time_zone": [
              "Succeeded"
            ]
          },
          "metadata": {
            "operationMetadataId": "71cc5427-76ad-4a64-b20a-1ce460d345aa"
          },
          "type": "OpenApiConnection",
          "inputs": {
            "host": {
              "connectionName": "shared_commondataserviceforapps",
              "operationId": "ListRecords",
              "apiId": "/providers/Microsoft.PowerApps/apis/shared_commondataserviceforapps"
            },
            "parameters": {
              "entityName": "contacts",
              "fetchXml": "<fetch distinct=\"false\" mapping=\"logical\" output-format=\"xml-platform\" version=\"1.0\">\n<entity name=\"contact\">\n<attribute name=\"fullname\"/>\n<attribute name=\"telephone1\"/>\n<attribute name=\"contactid\"/>\n<order descending=\"false\" attribute=\"fullname\"/>\n<filter type=\"and\">\n<filter type=\"or\">\n<condition attribute=\"emailaddress1\" value=\"@{triggerBody()['text_1']}\" operator=\"eq\"/>\n<condition attribute=\"mobilephone\" value=\"@{triggerBody()['text']}\" operator=\"eq\"/>\n</filter>\n</filter>\n</entity>\n</fetch>",
              "$top": 1
            },
            "authentication": "@parameters('$authentication')"
          }
        },
        "Condition": {
          "actions": {
            "Apply_to_each": {
              "foreach": "@outputs('List_contacts_with_email_or_mobile')?['body/value']",
              "actions": {
                "Create_Service_Appointment": {
                  "runAfter": {},
                  "metadata": {
                    "operationMetadataId": "95948385-f7c9-4ef7-af72-7ee503f4671a"
                  },
                  "type": "OpenApiConnection",
                  "inputs": {
                    "host": {
                      "connectionName": "shared_commondataserviceforapps",
                      "operationId": "CreateRecord",
                      "apiId": "/providers/Microsoft.PowerApps/apis/shared_commondataserviceforapps"
                    },
                    "parameters": {
                      "entityName": "msauto_serviceappointments",
                      "item/msauto_CustomerId_contact@odata.bind": "/contacts(@{items('Apply_to_each')?['contactid']})",
                      "item/msauto_description": "Zipcode : @{triggerBody()['text_2']}\nRegistration Number : @{triggerBody()['text_3']}\nMobile: @{triggerBody()['text']}\nEmail :@{triggerBody()['text_1']}\nPreferred Time: @{triggerBody()['text_4']}",
                      "item/msauto_name": "Service Appointment for Vehicle : @{triggerBody()['text_3']}",
                      "item/new_registrationnumber": "@triggerBody()['text_3']",
                      "item/msauto_scheduledstart": "@body('Convert_time_zone')"
                    },
                    "authentication": "@parameters('$authentication')"
                  }
                },
                "Set_variable": {
                  "runAfter": {
                    "Create_Service_Appointment": [
                      "Succeeded"
                    ]
                  },
                  "metadata": {
                    "operationMetadataId": "5a65841a-832b-4146-b364-38bcb2900dae"
                  },
                  "type": "SetVariable",
                  "inputs": {
                    "name": "CaseResponse",
                    "value": "We have created an appointment in our system. A service advisor will reach out shortly to further assist you."
                  }
                }
              },
              "runAfter": {},
              "metadata": {
                "operationMetadataId": "56119f5f-c4f1-4ae9-a94e-cb4ace7a94ae"
              },
              "type": "Foreach"
            }
          },
          "runAfter": {
            "List_contacts_with_email_or_mobile": [
              "Succeeded"
            ]
          },
          "expression": {
            "greater": [
              "@length(outputs('List_contacts_with_email_or_mobile')?['body/value'])",
              0
            ]
          },
          "metadata": {
            "operationMetadataId": "411b18d6-9aa7-4413-a626-6e54ebe481b3"
          },
          "type": "If"
        },
        "Convert_time_zone": {
          "runAfter": {
            "Initialize_variable": [
              "Succeeded"
            ]
          },
          "metadata": {
            "operationMetadataId": "1fccd352-c468-4a42-991e-22835fdf4d51"
          },
          "type": "Expression",
          "kind": "ConvertTimeZone",
          "inputs": {
            "baseTime": "@triggerBody()['text_4']",
            "formatString": "u",
            "sourceTimeZone": "India Standard Time",
            "destinationTimeZone": "UTC"
          }
        },
        "Initialize_variable": {
          "runAfter": {},
          "metadata": {
            "operationMetadataId": "b01c9af9-55c4-4026-b869-2638280bd118"
          },
          "type": "InitializeVariable",
          "inputs": {
            "variables": [
              {
                "name": "CaseResponse",
                "type": "string",
                "value": "Sorry we couldnt find you in our records. Please reach out to your nearest dealer to schedule a service appointment."
              }
            ]
          }
        }
      },
      "outputs": {}
    }
  },
  "schemaVersion": "1.0.0.0"
}