{
  "properties": {
    "connectionReferences": {
      "shared_commondataserviceforapps": {
        "impersonation": {},
        "runtimeSource": "embedded",
        "connection": {},
        "api": {
          "name": "shared_commondataserviceforapps"
        }
      },
      "shared_sendmail": {
        "runtimeSource": "embedded",
        "connection": {},
        "api": {
          "name": "shared_sendmail"
        }
      },
      "shared_onedriveforbusiness": {
        "runtimeSource": "embedded",
        "connection": {},
        "api": {
          "name": "shared_onedriveforbusiness"
        }
      }
    },
    "definition": {
      "$schema": "https://schema.management.azure.com/providers/Microsoft.Logic/schemas/2016-06-01/workflowdefinition.json#",
      "contentVersion": "1.0.0.0",
      "parameters": {
        "$connections": {
          "defaultValue": {},
          "type": "Object"
        },
        "$authentication": {
          "defaultValue": {},
          "type": "SecureObject"
        }
      },
      "triggers": {
        "manual": {
          "metadata": {
            "operationMetadataId": "f58f03d7-bfbc-452d-ac37-124416852395"
          },
          "type": "Request",
          "kind": "VirtualAgent",
          "inputs": {
            "schema": {
              "type": "object",
              "properties": {
                "text": {
                  "title": "Mobile",
                  "type": "string",
                  "x-ms-dynamically-added": true,
                  "description": "Please enter your input",
                  "x-ms-content-hint": "TEXT"
                },
                "text_1": {
                  "title": "Name",
                  "type": "string",
                  "x-ms-dynamically-added": true,
                  "description": "Please enter your input",
                  "x-ms-content-hint": "TEXT"
                },
                "text_2": {
                  "title": "Email",
                  "type": "string",
                  "x-ms-dynamically-added": true,
                  "description": "Please enter your input",
                  "x-ms-content-hint": "TEXT"
                }
              },
              "required": [
                "text",
                "text_1",
                "text_2"
              ]
            }
          }
        }
      },
      "actions": {
        "Return_value(s)_to_Power_Virtual_Agents": {
          "runAfter": {
            "Send_an_email_notification_(V3)": [
              "Succeeded"
            ]
          },
          "metadata": {
            "operationMetadataId": "c92154e4-fde2-405a-b92f-fc3fe7426667"
          },
          "type": "Response",
          "kind": "VirtualAgent",
          "inputs": {
            "statusCode": 200,
            "body": {
              "leadcreationresp": "Thank you for connecting with us. Our executive will connect with you shortly.\nBrochure has been mailed to your Email"
            },
            "schema": {
              "type": "object",
              "properties": {
                "leadcreationresp": {
                  "title": "LeadCreationResp",
                  "x-ms-dynamically-added": true,
                  "type": "string"
                }
              }
            }
          }
        },
        "Add_a_new_row": {
          "runAfter": {},
          "metadata": {
            "operationMetadataId": "22687be2-dc07-4c6b-b01c-eb0f2808ef71"
          },
          "type": "OpenApiConnection",
          "inputs": {
            "host": {
              "apiId": "/providers/Microsoft.PowerApps/apis/shared_commondataserviceforapps",
              "connectionName": "shared_commondataserviceforapps",
              "operationId": "CreateRecord"
            },
            "parameters": {
              "entityName": "leads",
              "item/lastname": "@triggerBody()['text_1']",
              "item/subject": "@{triggerBody()['text_1']} - Quotes Requested",
              "item/mobilephone": "@triggerBody()['text']",
              "item/emailaddress1": "@triggerBody()['text_2']"
            },
            "authentication": "@parameters('$authentication')"
          }
        },
        "Send_an_email_notification_(V3)": {
          "runAfter": {
            "Get_file_content": [
              "Succeeded"
            ]
          },
          "metadata": {
            "operationMetadataId": "75f87797-63d5-44ae-93f8-8a09ea9f2767"
          },
          "type": "OpenApiConnection",
          "inputs": {
            "host": {
              "apiId": "/providers/Microsoft.PowerApps/apis/shared_sendmail",
              "connectionName": "shared_sendmail",
              "operationId": "SendEmailV3"
            },
            "parameters": {
              "request/to": "@{triggerBody()['text_2']};",
              "request/subject": "Quotation for latest Bikes",
              "request/text": "<p>Hi @{triggerBody()['text_1']},<br>\n<br>\nGreetings from Bajaj Auto Limited - The World's Favourite Indian.<br>\nPlease find attached the brochure for vehicle purchase.<br>\n<br>\n</p>",
              "request/files": "@body('Get_file_content')",
              "request/filenames": "Sales Brochure"
            },
            "authentication": "@parameters('$authentication')"
          }
        },
        "Get_file_content": {
          "runAfter": {
            "Add_a_new_row": [
              "Succeeded"
            ]
          },
          "metadata": {
            "b!DZA9F7anhk2BWCvu6LOmmGIwy0gHIOFFpS7Mq3Zyj6kNlcTE6cARSINUZKQtkH4s.01HPYAO6VJTWHBU3VJPFBK2SZEIJL37L4N": "/Brochures/Brochure.pdf",
            "operationMetadataId": "5d66b057-9ecc-4860-81a1-3521dab06d89"
          },
          "type": "OpenApiConnection",
          "inputs": {
            "host": {
              "apiId": "/providers/Microsoft.PowerApps/apis/shared_onedriveforbusiness",
              "connectionName": "shared_onedriveforbusiness",
              "operationId": "GetFileContent"
            },
            "parameters": {
              "id": "b!DZA9F7anhk2BWCvu6LOmmGIwy0gHIOFFpS7Mq3Zyj6kNlcTE6cARSINUZKQtkH4s.01HPYAO6VJTWHBU3VJPFBK2SZEIJL37L4N",
              "inferContentType": true
            },
            "authentication": "@parameters('$authentication')"
          }
        }
      },
      "outputs": {}
    }
  },
  "schemaVersion": "1.0.0.0"
}