{
  "properties": {
    "connectionReferences": {
      "shared_commondataservice": {
        "runtimeSource": "embedded",
        "connection": {},
        "api": {
          "name": "shared_commondataservice"
        }
      },
      "shared_assistantstudio": {
        "runtimeSource": "embedded",
        "connection": {},
        "api": {
          "name": "shared_assistantstudio"
        }
      }
    },
    "definition": {
      "$schema": "https://schema.management.azure.com/providers/Microsoft.Logic/schemas/2016-06-01/workflowdefinition.json#",
      "contentVersion": "1.0.0.0",
      "parameters": {
        "$connections": {
          "defaultValue": {},
          "type": "Object"
        },
        "$authentication": {
          "defaultValue": {},
          "type": "SecureObject"
        },
        "dynamicscrmonline.organizationName": {
          "defaultValue": "",
          "type": "String"
        },
        "dynamicscrmonline.organizationFullUrl": {
          "defaultValue": "",
          "type": "String"
        }
      },
      "triggers": {
        "On_a_daily_basis": {
          "recurrence": {
            "frequency": "Day",
            "interval": 1,
            "schedule": {
              "hours": [
                "0"
              ]
            }
          },
          "metadata": {
            "operationMetadataId": "2f858ccd-a7cf-4362-ab21-569c14ac31c1"
          },
          "type": "Recurrence"
        }
      },
      "actions": {
        "Get_all_tasks_scheduled_today": {
          "runAfter": {},
          "metadata": {
            "flowSystemMetadata": {
              "swaggerOperationId": "GetItems_V2"
            },
            "operationMetadataId": "6fff6a68-d718-4e9a-968e-a8393dce9e90"
          },
          "type": "ApiConnection",
          "inputs": {
            "host": {
              "connection": {
                "name": "@parameters('$connections')['shared_commondataservice']['connectionId']"
              }
            },
            "method": "get",
            "path": "/v2/datasets/@{encodeURIComponent(encodeURIComponent('unq83020748d4ce4ea9ae480db4912dc.crm'))}/tables/@{encodeURIComponent(encodeURIComponent('tasks'))}/items",
            "queries": {
              "$filter": "scheduledend ge @{startOfDay(utcNow())} and scheduledend le @{startOfDay(addDays(utcNow(),1))}"
            },
            "authentication": "@parameters('$authentication')"
          }
        },
        "For_each_task": {
          "foreach": "@body('Get_all_tasks_scheduled_today')?['value']",
          "actions": {
            "Create_a_card_for_the_assistant": {
              "runAfter": {},
              "metadata": {
                "flowSystemMetadata": {
                  "swaggerOperationId": "Create an Action Card"
                },
                "operationMetadataId": "8cb53519-01e9-466d-9598-283cd54e6dfb"
              },
              "type": "ApiConnection",
              "inputs": {
                "host": {
                  "connection": {
                    "name": "@parameters('$connections')['shared_assistantstudio']['connectionId']"
                  }
                },
                "method": "post",
                "body": {
                  "cardname": "Due date today",
                  "title": "Task due date is coming up",
                  "description": "The task @{items('For_each_task')?['subject']} is due by @{items('For_each_task')?['scheduledend']}. Update it.",
                  "dynamicproperties": {
                    "actionname": "Open task",
                    "entitytype": "tasks",
                    "entityid": "@items('For_each_task')?['activityid']"
                  }
                },
                "headers": {
                  "organization": "https://org55b27586.crm.dynamics.com",
                  "actiontype": "OpenEntity",
                  "regardingobjecttype": "tasks",
                  "regardingobjectid": "@items('For_each_task')?['activityid']",
                  "ownerid": "@items('For_each_task')?['_ownerid_value']"
                },
                "path": "/api/V3/ActionCardCreate",
                "authentication": "@parameters('$authentication')"
              }
            }
          },
          "runAfter": {
            "Get_all_tasks_scheduled_today": [
              "Succeeded"
            ]
          },
          "metadata": {
            "operationMetadataId": "15047a2c-f5f7-43be-bee7-d972cc4393d3"
          },
          "type": "Foreach"
        }
      },
      "outputs": {}
    }
  },
  "schemaVersion": "1.0.0.0"
}