{
  "properties": {
    "connectionReferences": {
      "shared_commondataserviceforapps": {
        "impersonation": {},
        "runtimeSource": "embedded",
        "connection": {},
        "api": {
          "name": "shared_commondataserviceforapps"
        }
      }
    },
    "definition": {
      "$schema": "https://schema.management.azure.com/providers/Microsoft.Logic/schemas/2016-06-01/workflowdefinition.json#",
      "contentVersion": "1.0.0.0",
      "parameters": {
        "$connections": {
          "defaultValue": {},
          "type": "Object"
        },
        "$authentication": {
          "defaultValue": {},
          "type": "SecureObject"
        }
      },
      "triggers": {
        "manual": {
          "metadata": {
            "operationMetadataId": "ac20b0c9-c175-464c-ae65-5938e6e5e08b"
          },
          "type": "Request",
          "kind": "Http",
          "inputs": {
            "schema": {
              "type": "object",
              "properties": {
                "DeviceName": {
                  "type": "string"
                },
                "RuleName": {
                  "type": "string"
                }
              }
            }
          }
        }
      },
      "actions": {
        "Add_a_new_row": {
          "runAfter": {
            "Add_a_new_row_2": [
              "Succeeded"
            ]
          },
          "metadata": {
            "operationMetadataId": "31498f5d-9e6b-456d-8cad-d14c573c749c"
          },
          "type": "OpenApiConnection",
          "inputs": {
            "host": {
              "apiId": "/providers/Microsoft.PowerApps/apis/shared_commondataserviceforapps",
              "connectionName": "shared_commondataserviceforapps",
              "operationId": "CreateRecord"
            },
            "parameters": {
              "entityName": "incidents",
              "item/title": "@{triggerBody()?['DeviceName']}-@{triggerBody()?['RuleName']}",
              "item/casetypecode": 2,
              "item/customerid_contact@odata.bind": "@outputs('Add_a_new_row_2')?['body/@odata.id']",
              "item/description": "@{triggerBody()?['DeviceName']}-@{triggerBody()?['RuleName']}",
              "item/prioritycode": 1,
              "item/statuscode": 4,
              "item/int_customereffort": 121590002,
              "item/isescalated": true,
              "item/caseorigincode": 700610000
            },
            "authentication": "@parameters('$authentication')"
          }
        },
        "Add_a_new_row_2": {
          "runAfter": {},
          "metadata": {
            "operationMetadataId": "da213ea1-44e3-4c41-9148-ffd1536c77e6"
          },
          "type": "OpenApiConnection",
          "inputs": {
            "host": {
              "apiId": "/providers/Microsoft.PowerApps/apis/shared_commondataserviceforapps",
              "connectionName": "shared_commondataserviceforapps",
              "operationId": "CreateRecord"
            },
            "parameters": {
              "entityName": "contacts",
              "item/lastname": "Mehta",
              "item/firstname": "Ronak"
            },
            "authentication": "@parameters('$authentication')"
          }
        }
      },
      "outputs": {}
    }
  },
  "schemaVersion": "1.0.0.0"
}