{
  "properties": {
    "connectionReferences": {
      "shared_commondataservice": {
        "runtimeSource": "embedded",
        "connection": {},
        "api": {
          "name": "shared_commondataservice"
        }
      },
      "shared_assistantstudio": {
        "runtimeSource": "embedded",
        "connection": {},
        "api": {
          "name": "shared_assistantstudio"
        }
      }
    },
    "definition": {
      "$schema": "https://schema.management.azure.com/providers/Microsoft.Logic/schemas/2016-06-01/workflowdefinition.json#",
      "contentVersion": "1.0.0.0",
      "parameters": {
        "$connections": {
          "defaultValue": {},
          "type": "Object"
        },
        "$authentication": {
          "defaultValue": {},
          "type": "SecureObject"
        },
        "dynamicscrmonline.organizationName": {
          "defaultValue": "",
          "type": "String"
        },
        "dynamicscrmonline.organizationFullUrl": {
          "defaultValue": "",
          "type": "String"
        }
      },
      "triggers": {
        "On_a_daily_basis": {
          "recurrence": {
            "frequency": "Day",
            "interval": 1,
            "schedule": {
              "hours": [
                "0"
              ]
            }
          },
          "metadata": {
            "operationMetadataId": "98fcc30d-b140-4b4f-aebc-da81f87bdf1f"
          },
          "type": "Recurrence"
        }
      },
      "actions": {
        "Get_all_open_opportunities_not_updated_in_2_weeks": {
          "runAfter": {},
          "metadata": {
            "flowSystemMetadata": {
              "swaggerOperationId": "GetItems_V2"
            },
            "operationMetadataId": "558dc218-8851-4efc-aed1-b39101fd8545"
          },
          "type": "ApiConnection",
          "inputs": {
            "host": {
              "connection": {
                "name": "@parameters('$connections')['shared_commondataservice']['connectionId']"
              }
            },
            "method": "get",
            "path": "/v2/datasets/@{encodeURIComponent(encodeURIComponent('https://org55b27586.crm.dynamics.com'))}/tables/@{encodeURIComponent(encodeURIComponent('opportunities'))}/items",
            "queries": {
              "$filter": "statecode ne 1 and modifiedon le "
            },
            "authentication": "@parameters('$authentication')"
          }
        },
        "Check_for_each_opportunity": {
          "foreach": "@body('Get_all_open_opportunities_not_updated_in_2_weeks')?['value']",
          "actions": {
            "Create_a_card_in_the_assistant": {
              "runAfter": {},
              "metadata": {
                "flowSystemMetadata": {
                  "swaggerOperationId": "Create an Action Card"
                },
                "operationMetadataId": "403441bd-9283-4279-9fe0-44e2fa7651bf"
              },
              "type": "ApiConnection",
              "inputs": {
                "host": {
                  "connection": {
                    "name": "@parameters('$connections')['shared_assistantstudio']['connectionId']"
                  }
                },
                "method": "post",
                "body": {
                  "cardname": "No update in opportunity",
                  "title": "@{items('Check_for_each_opportunity')?['name']}",
                  "description": "The opportunity hasn't been updated in the past two weeks. Add a note.",
                  "dynamicproperties": {
                    "actionname": "Open opportunity",
                    "entitytype": "opportunities",
                    "entityid": "@items('Check_for_each_opportunity')?['opportunityid']"
                  }
                },
                "headers": {
                  "organization": "https://org55b27586.crm.dynamics.com",
                  "actiontype": "OpenEntity",
                  "regardingobjecttype": "opportunities",
                  "regardingobjectid": "@items('Check_for_each_opportunity')?['opportunityid']",
                  "ownerid": "@items('Check_for_each_opportunity')?['_ownerid_value']"
                },
                "path": "/api/V3/ActionCardCreate",
                "authentication": "@parameters('$authentication')"
              }
            }
          },
          "runAfter": {
            "Get_all_open_opportunities_not_updated_in_2_weeks": [
              "Succeeded"
            ]
          },
          "metadata": {
            "operationMetadataId": "002e60a5-75db-48ec-8bf7-f12e096c410c"
          },
          "type": "Foreach"
        }
      },
      "outputs": {}
    }
  },
  "schemaVersion": "1.0.0.0"
}