{
  "properties": {
    "connectionReferences": {
      "shared_commondataserviceforapps": {
        "runtimeSource": "embedded",
        "connection": {
          "connectionReferenceLogicalName": "new_sharedcommondataserviceforapps_d94eb"
        },
        "api": {
          "name": "shared_commondataserviceforapps"
        }
      },
      "shared_assistantstudio": {
        "runtimeSource": "embedded",
        "connection": {
          "connectionReferenceLogicalName": "new_sharedassistantstudio_60ff6"
        },
        "api": {
          "name": "shared_assistantstudio"
        }
      }
    },
    "definition": {
      "$schema": "https://schema.management.azure.com/providers/Microsoft.Logic/schemas/2016-06-01/workflowdefinition.json#",
      "contentVersion": "1.0.0.0",
      "parameters": {
        "$connections": {
          "defaultValue": {},
          "type": "Object"
        },
        "$authentication": {
          "defaultValue": {},
          "type": "SecureObject"
        }
      },
      "triggers": {
        "Recurrence": {
          "recurrence": {
            "frequency": "Day",
            "interval": 1,
            "timeZone": "India Standard Time",
            "startTime": "2022-02-17T20:00:00Z",
            "schedule": {
              "hours": [
                "5",
                "9",
                "12",
                "15",
                "18",
                "21"
              ]
            }
          },
          "metadata": {
            "operationMetadataId": "cb2c699d-365c-483e-a2e1-fc631e1808a2"
          },
          "type": "Recurrence"
        }
      },
      "actions": {
        "List_rows": {
          "runAfter": {},
          "metadata": {
            "operationMetadataId": "21ed1da0-0366-4b1a-aa95-04af97cc07b2"
          },
          "type": "OpenApiConnection",
          "inputs": {
            "host": {
              "connectionName": "shared_commondataserviceforapps",
              "operationId": "ListRecords",
              "apiId": "/providers/Microsoft.PowerApps/apis/shared_commondataserviceforapps"
            },
            "parameters": {
              "entityName": "leads",
              "fetchXml": "<fetch distinct=\"false\" mapping=\"logical\" output-format=\"xml-platform\" version=\"1.0\">\n\n\n<entity name=\"lead\">\n\n<attribute name=\"fullname\"/>\n\n<attribute name=\"companyname\"/>\n\n<attribute name=\"telephone1\"/>\n\n<attribute name=\"leadid\"/>\n\n<attribute name=\"ownerid\"/>\n\n<order descending=\"false\" attribute=\"fullname\"/>\n\n\n<filter type=\"and\">\n\n<condition attribute=\"estimatedclosedate\" operator=\"this-month\"/>\n\n<condition attribute=\"statecode\" operator=\"eq\" value=\"0\"/>\n\n</filter>\n\n</entity>\n\n</fetch>"
            },
            "authentication": "@parameters('$authentication')"
          }
        },
        "Apply_to_each": {
          "foreach": "@outputs('List_rows')?['body/value']",
          "actions": {
            "Create_card_for_assistant_V3": {
              "runAfter": {},
              "metadata": {
                "operationMetadataId": "1367a1cd-6357-4f8e-bc8a-6d72279a59f9"
              },
              "type": "OpenApiConnection",
              "inputs": {
                "host": {
                  "connectionName": "shared_assistantstudio",
                  "operationId": "CreateActionCard_V3",
                  "apiId": "/providers/Microsoft.PowerApps/apis/shared_assistantstudio"
                },
                "parameters": {
                  "organization": "https://org55b27586.crm.dynamics.com",
                  "body/cardname": "Lead Closure Reminder",
                  "body/title": "Lead Closure Reminder",
                  "body/description": "Expected Booking date is approaching soon",
                  "actiontype": "OpenEntity",
                  "regardingobjecttype": "leads",
                  "regardingobjectid": "@items('Apply_to_each')?['leadid']",
                  "ownerid": "@items('Apply_to_each')?['_ownerid_value']",
                  "body/dynamicproperties/actionname": "Click to open lead",
                  "body/dynamicproperties/entitytype": "leads",
                  "body/dynamicproperties/entityid": "@items('Apply_to_each')?['leadid']"
                },
                "authentication": "@parameters('$authentication')"
              }
            }
          },
          "runAfter": {
            "List_rows": [
              "Succeeded"
            ]
          },
          "metadata": {
            "operationMetadataId": "2149e43b-7cba-4ce3-8538-53f3b898bea2"
          },
          "type": "Foreach"
        }
      },
      "outputs": {}
    }
  },
  "schemaVersion": "1.0.0.0"
}