{
  "properties": {
    "connectionReferences": {
      "shared_commondataserviceforapps": {
        "runtimeSource": "embedded",
        "connection": {
          "connectionReferenceLogicalName": "new_sharedcommondataserviceforapps_d94eb"
        },
        "api": {
          "name": "shared_commondataserviceforapps"
        }
      },
      "shared_assistantstudio": {
        "runtimeSource": "embedded",
        "connection": {
          "connectionReferenceLogicalName": "new_sharedassistantstudio_60ff6"
        },
        "api": {
          "name": "shared_assistantstudio"
        }
      }
    },
    "definition": {
      "$schema": "https://schema.management.azure.com/providers/Microsoft.Logic/schemas/2016-06-01/workflowdefinition.json#",
      "contentVersion": "1.0.0.0",
      "parameters": {
        "$connections": {
          "defaultValue": {},
          "type": "Object"
        },
        "$authentication": {
          "defaultValue": {},
          "type": "SecureObject"
        }
      },
      "triggers": {
        "Recurrence": {
          "recurrence": {
            "frequency": "Day",
            "interval": 1,
            "timeZone": "India Standard Time",
            "startTime": "2022-02-17T19:00:00Z",
            "schedule": {
              "hours": [
                "5",
                "9",
                "12",
                "15",
                "18"
              ]
            }
          },
          "metadata": {
            "operationMetadataId": "e2c96eba-46d1-47b0-9ed7-95e29a6faae5"
          },
          "type": "Recurrence"
        }
      },
      "actions": {
        "List_rows": {
          "runAfter": {},
          "metadata": {
            "operationMetadataId": "93c2dfd0-7a37-40f6-b550-951506734ffc"
          },
          "type": "OpenApiConnection",
          "inputs": {
            "host": {
              "connectionName": "shared_commondataserviceforapps",
              "operationId": "ListRecords",
              "apiId": "/providers/Microsoft.PowerApps/apis/shared_commondataserviceforapps"
            },
            "parameters": {
              "entityName": "msauto_testdrives",
              "fetchXml": "<fetch distinct=\"false\" mapping=\"logical\" output-format=\"xml-platform\" version=\"1.0\">\n<entity name=\"msauto_testdrive\">\n<attribute name=\"msauto_testdriveid\"/>\n<attribute name=\"msauto_name\"/>\n<attribute name=\"createdon\"/>\n<attribute name=\"ownerid\"/>\n<attribute name=\"msauto_leadid\"/>\n<order descending=\"false\" attribute=\"msauto_name\"/>\n<filter type=\"and\">\n<condition attribute=\"msauto_scheduledstart\" operator=\"this-month\"/>\n<condition attribute=\"new_testdrivestatus\" operator=\"eq\" value=\"100000000\"/>\n<condition attribute=\"msauto_leadid\" operator=\"not-null\"/>\n</filter>\n</entity>\n</fetch>"
            },
            "authentication": "@parameters('$authentication')"
          }
        },
        "Apply_to_each": {
          "foreach": "@outputs('List_rows')?['body/value']",
          "actions": {
            "Create_card_for_assistant_V3": {
              "runAfter": {},
              "metadata": {
                "operationMetadataId": "747c32ef-0a45-47b2-ace0-8120f0a241d3"
              },
              "type": "OpenApiConnection",
              "inputs": {
                "host": {
                  "connectionName": "shared_assistantstudio",
                  "operationId": "CreateActionCard_V3",
                  "apiId": "/providers/Microsoft.PowerApps/apis/shared_assistantstudio"
                },
                "parameters": {
                  "organization": "https://org55b27586.crm.dynamics.com",
                  "body/cardname": "Test Drive",
                  "body/title": "Test Drive scheduled this month",
                  "body/description": "This lead has a test drive scheduled this month",
                  "actiontype": "OpenEntity",
                  "regardingobjecttype": "leads",
                  "regardingobjectid": "@items('Apply_to_each')?['_msauto_leadid_value']",
                  "ownerid": "@items('Apply_to_each')?['_ownerid_value']",
                  "body/dynamicproperties/actionname": "View Test Drive",
                  "body/dynamicproperties/entitytype": "msauto_testdrives",
                  "body/dynamicproperties/entityid": "@items('Apply_to_each')?['msauto_testdriveid']"
                },
                "authentication": "@parameters('$authentication')"
              }
            }
          },
          "runAfter": {
            "List_rows": [
              "Succeeded"
            ]
          },
          "metadata": {
            "operationMetadataId": "2080ac77-851b-46eb-b186-a5ebfd02896c"
          },
          "type": "Foreach"
        }
      },
      "outputs": {}
    }
  },
  "schemaVersion": "1.0.0.0"
}