{
  "properties": {
    "connectionReferences": {
      "shared_commondataserviceforapps": {
        "runtimeSource": "embedded",
        "connection": {
          "connectionReferenceLogicalName": "new_sharedcommondataserviceforapps_d94eb"
        },
        "api": {
          "name": "shared_commondataserviceforapps"
        }
      }
    },
    "definition": {
      "$schema": "https://schema.management.azure.com/providers/Microsoft.Logic/schemas/2016-06-01/workflowdefinition.json#",
      "contentVersion": "1.0.0.0",
      "parameters": {
        "$connections": {
          "defaultValue": {},
          "type": "Object"
        },
        "$authentication": {
          "defaultValue": {},
          "type": "SecureObject"
        }
      },
      "triggers": {
        "manual": {
          "metadata": {
            "operationMetadataId": "fadba26f-ed66-4d55-a5d3-5f53f21900eb"
          },
          "type": "Request",
          "kind": "VirtualAgent",
          "inputs": {
            "schema": {
              "type": "object",
              "properties": {
                "text": {
                  "title": "Mobile",
                  "type": "string",
                  "x-ms-dynamically-added": true,
                  "description": "Please enter your input",
                  "x-ms-content-hint": "TEXT"
                },
                "text_1": {
                  "title": "Name",
                  "type": "string",
                  "x-ms-dynamically-added": true,
                  "description": "Please enter your input",
                  "x-ms-content-hint": "TEXT"
                },
                "text_2": {
                  "title": "Model",
                  "type": "string",
                  "x-ms-dynamically-added": true,
                  "description": "Please enter your input",
                  "x-ms-content-hint": "TEXT"
                },
                "text_3": {
                  "title": "Zipcode",
                  "type": "string",
                  "x-ms-dynamically-added": true,
                  "description": "Please enter your input",
                  "x-ms-content-hint": "TEXT"
                },
                "text_4": {
                  "title": "DateTime",
                  "type": "string",
                  "x-ms-dynamically-added": true,
                  "description": "Please enter your input",
                  "x-ms-content-hint": "TEXT"
                },
                "text_5": {
                  "title": "LicenseNumber",
                  "type": "string",
                  "x-ms-dynamically-added": true,
                  "description": "Please enter your input",
                  "x-ms-content-hint": "TEXT"
                },
                "text_6": {
                  "title": "LicenseExpiryDate",
                  "type": "string",
                  "x-ms-dynamically-added": true,
                  "description": "Please enter your input",
                  "x-ms-content-hint": "TEXT"
                },
                "text_7": {
                  "title": "Email",
                  "type": "string",
                  "x-ms-dynamically-added": true,
                  "description": "Please enter your input",
                  "x-ms-content-hint": "TEXT"
                },
                "text_8": {
                  "title": "TestDriveSlot",
                  "type": "string",
                  "x-ms-dynamically-added": true,
                  "description": "Please enter your input",
                  "x-ms-content-hint": "TEXT"
                }
              },
              "required": [
                "text",
                "text_1",
                "text_2",
                "text_3",
                "text_4",
                "text_5",
                "text_6",
                "text_7",
                "text_8"
              ]
            }
          }
        }
      },
      "actions": {
        "Return_value(s)_to_Power_Virtual_Agents": {
          "runAfter": {
            "Apply_to_each": [
              "Succeeded"
            ]
          },
          "metadata": {
            "operationMetadataId": "1e014c00-46e4-4d23-b416-019dcef58273"
          },
          "type": "Response",
          "kind": "VirtualAgent",
          "inputs": {
            "statusCode": 200,
            "body": {
              "leadcreation": "Lead Created successfully"
            },
            "schema": {
              "type": "object",
              "properties": {
                "leadcreation": {
                  "title": "LeadCreation",
                  "x-ms-dynamically-added": true,
                  "type": "string"
                }
              }
            }
          }
        },
        "Add_a_new_Lead": {
          "runAfter": {
            "Convert_time_zone": [
              "Succeeded"
            ]
          },
          "metadata": {
            "operationMetadataId": "d777007a-37f3-4760-89a3-51e90ff92ee3"
          },
          "type": "OpenApiConnection",
          "inputs": {
            "host": {
              "connectionName": "shared_commondataserviceforapps",
              "operationId": "CreateRecord",
              "apiId": "/providers/Microsoft.PowerApps/apis/shared_commondataserviceforapps"
            },
            "parameters": {
              "entityName": "leads",
              "item/lastname": "@triggerBody()['text_1']",
              "item/subject": "@{triggerBody()['text_2']}- Test Drive - @{triggerBody()['text_1']}",
              "item/description": "Name: @{triggerBody()['text_1']}\nPhone: @{triggerBody()['text']}\nZipcode : @{triggerBody()['text_3']}\nModel: @{triggerBody()['text_2']}\nTime: @{triggerBody()['text_4']}",
              "item/emailaddress1": "@triggerBody()['text_7']",
              "item/leadsourcecode": 8,
              "item/mobilephone": "@triggerBody()['text']",
              "item/purchasetimeframe": 1,
              "item/new_actualtestridedate": "@body('Convert_time_zone')",
              "item/telephone1": "@triggerBody()['text']",
              "item/msauto_interest": 972230003,
              "item/leadqualitycode": 1,
              "item/address1_postalcode": "@triggerBody()['text_3']"
            },
            "authentication": "@parameters('$authentication')"
          }
        },
        "Convert_time_zone": {
          "runAfter": {
            "Switch": [
              "Succeeded"
            ]
          },
          "metadata": {
            "operationMetadataId": "483a7dc2-531d-47ad-8e3a-102063fb475b"
          },
          "type": "Expression",
          "kind": "ConvertTimeZone",
          "inputs": {
            "baseTime": "@variables('TimeSlotDateTime')",
            "formatString": "u",
            "sourceTimeZone": "India Standard Time",
            "destinationTimeZone": "UTC"
          }
        },
        "Get_Device_Model,_Device_Brand,_Device_Class": {
          "runAfter": {
            "Add_a_new_Lead": [
              "Succeeded"
            ]
          },
          "metadata": {
            "operationMetadataId": "d90fd9f9-cc20-4ff7-bdc6-003e298d8ee6"
          },
          "type": "OpenApiConnection",
          "inputs": {
            "host": {
              "connectionName": "shared_commondataserviceforapps",
              "operationId": "ListRecords",
              "apiId": "/providers/Microsoft.PowerApps/apis/shared_commondataserviceforapps"
            },
            "parameters": {
              "entityName": "msauto_devicemodels",
              "$filter": "msauto_name eq '@{triggerBody()['text_2']}'",
              "$top": 1
            },
            "authentication": "@parameters('$authentication')"
          }
        },
        "Apply_to_each": {
          "foreach": "@outputs('Get_Device_Model,_Device_Brand,_Device_Class')?['body/value']",
          "actions": {
            "ModelGUID": {
              "runAfter": {},
              "metadata": {
                "operationMetadataId": "c437f43f-40b6-4fa0-aead-01adc192ae67"
              },
              "type": "Compose",
              "inputs": "@items('Apply_to_each')?['msauto_devicemodelid']"
            },
            "BrandGUID": {
              "runAfter": {
                "ModelGUID": [
                  "Succeeded"
                ]
              },
              "metadata": {
                "operationMetadataId": "4e389693-7637-42ed-9e66-41c3ee8ab7c6"
              },
              "type": "Compose",
              "inputs": "@items('Apply_to_each')?['_msauto_devicebrandid_value']"
            },
            "ClassGUID": {
              "runAfter": {
                "BrandGUID": [
                  "Succeeded"
                ]
              },
              "metadata": {
                "operationMetadataId": "1b24348f-3536-4f9e-97d5-446ca73b65fd"
              },
              "type": "Compose",
              "inputs": "@items('Apply_to_each')?['_msauto_deviceclassid_value']"
            },
            "Add_a_new_Test_Drive_2": {
              "runAfter": {
                "ClassGUID": [
                  "Succeeded"
                ]
              },
              "metadata": {
                "operationMetadataId": "100da9b8-790d-40c4-ae2e-906609cc669d"
              },
              "type": "OpenApiConnection",
              "inputs": {
                "host": {
                  "connectionName": "shared_commondataserviceforapps",
                  "operationId": "CreateRecord",
                  "apiId": "/providers/Microsoft.PowerApps/apis/shared_commondataserviceforapps"
                },
                "parameters": {
                  "entityName": "msauto_testdrives",
                  "item/msauto_DeviceBrandId@odata.bind": "/msauto_devicebrands(@{outputs('BrandGUID')})",
                  "item/msauto_DeviceClassId@odata.bind": "/msauto_deviceclasses(@{outputs('ClassGUID')})",
                  "item/msauto_DeviceModelId@odata.bind": "/msauto_devicemodels(@{outputs('ModelGUID')})",
                  "item/msauto_identificationexpireson": "@triggerBody()['text_6']",
                  "item/msauto_identificationnumber": "@triggerBody()['text_5']",
                  "item/msauto_identificationtype": 972230000,
                  "item/msauto_LeadId@odata.bind": "/leads(@{outputs('Add_a_new_Lead')?['body/leadid']})",
                  "item/msauto_name": "@{triggerBody()['text_2']}-@{triggerBody()['text_1']}-@{triggerBody()['text_4']}",
                  "item/msauto_scheduledstart": "@body('Convert_time_zone')"
                },
                "authentication": "@parameters('$authentication')"
              }
            },
            "Update_Device_model_on_lead": {
              "runAfter": {
                "Add_a_new_Test_Drive_2": [
                  "Succeeded"
                ]
              },
              "metadata": {
                "operationMetadataId": "28152967-57d4-418a-aafa-bb268c7b1b63"
              },
              "type": "OpenApiConnection",
              "inputs": {
                "host": {
                  "connectionName": "shared_commondataserviceforapps",
                  "operationId": "UpdateRecord",
                  "apiId": "/providers/Microsoft.PowerApps/apis/shared_commondataserviceforapps"
                },
                "parameters": {
                  "entityName": "leads",
                  "recordId": "@outputs('Add_a_new_Lead')?['body/leadid']",
                  "item/new_TestDriveDeviceModel@odata.bind": "/msauto_devicemodels(@{items('Apply_to_each')?['msauto_devicemodelid']})"
                },
                "authentication": "@parameters('$authentication')"
              }
            }
          },
          "runAfter": {
            "Get_Device_Model,_Device_Brand,_Device_Class": [
              "Succeeded"
            ]
          },
          "metadata": {
            "operationMetadataId": "bce38fbe-3de9-413e-9beb-855215666e82"
          },
          "type": "Foreach"
        },
        "Switch": {
          "runAfter": {
            "TimeSlotDateTime": [
              "Succeeded"
            ]
          },
          "cases": {
            "Case": {
              "case": "1pm to 2pm",
              "actions": {
                "Set_variable": {
                  "runAfter": {},
                  "type": "SetVariable",
                  "inputs": {
                    "name": "TimeSlotDateTime",
                    "value": "@{concat(substring(triggerBody()['text_4'],0,11),'13:00:00')}"
                  }
                }
              }
            },
            "Case_2": {
              "case": "2pm to 3pm",
              "actions": {
                "Set_variable_2": {
                  "runAfter": {},
                  "type": "SetVariable",
                  "inputs": {
                    "name": "TimeSlotDateTime",
                    "value": "@{concat(substring(triggerBody()['text_4'],0,11),'14:00:00')}"
                  }
                }
              }
            },
            "Case_3": {
              "case": "3pm to 4pm",
              "actions": {
                "Set_variable_3": {
                  "runAfter": {},
                  "type": "SetVariable",
                  "inputs": {
                    "name": "TimeSlotDateTime",
                    "value": "@{concat(substring(triggerBody()['text_4'],0,11),'15:00:00')}"
                  }
                }
              }
            },
            "Case_4": {
              "case": "4pm to 5pm",
              "actions": {
                "Set_variable_4": {
                  "runAfter": {},
                  "type": "SetVariable",
                  "inputs": {
                    "name": "TimeSlotDateTime",
                    "value": "@{concat(substring(triggerBody()['text_4'],0,11),'16:00:00')}"
                  }
                }
              }
            }
          },
          "default": {
            "actions": {}
          },
          "expression": "@triggerBody()['text_8']",
          "metadata": {
            "operationMetadataId": "cfc778a7-23e7-4008-b9bd-b87902819439"
          },
          "type": "Switch"
        },
        "TimeSlotDateTime": {
          "runAfter": {},
          "metadata": {
            "operationMetadataId": "2c3f8710-0e64-416f-8f5d-4395a1974999"
          },
          "type": "InitializeVariable",
          "inputs": {
            "variables": [
              {
                "name": "TimeSlotDateTime",
                "type": "string",
                "value": "@triggerBody()['text_4']"
              }
            ]
          }
        }
      },
      "outputs": {}
    }
  },
  "schemaVersion": "1.0.0.0"
}