{
  "properties": {
    "connectionReferences": {
      "shared_commondataserviceforapps": {
        "runtimeSource": "embedded",
        "connection": {
          "connectionReferenceLogicalName": "new_sharedcommondataserviceforapps_d94eb"
        },
        "api": {
          "name": "shared_commondataserviceforapps"
        }
      }
    },
    "definition": {
      "$schema": "https://schema.management.azure.com/providers/Microsoft.Logic/schemas/2016-06-01/workflowdefinition.json#",
      "contentVersion": "1.0.0.0",
      "parameters": {
        "$connections": {
          "defaultValue": {},
          "type": "Object"
        },
        "$authentication": {
          "defaultValue": {},
          "type": "SecureObject"
        }
      },
      "triggers": {
        "When_a_row_is_added,_modified_or_deleted": {
          "metadata": {
            "operationMetadataId": "56ed3288-03c8-4ad8-966d-9af2fc848d58"
          },
          "type": "OpenApiConnectionWebhook",
          "inputs": {
            "host": {
              "connectionName": "shared_commondataserviceforapps",
              "operationId": "SubscribeWebhookTrigger",
              "apiId": "/providers/Microsoft.PowerApps/apis/shared_commondataserviceforapps"
            },
            "parameters": {
              "subscriptionRequest/message": 1,
              "subscriptionRequest/entityname": "lead",
              "subscriptionRequest/scope": 4,
              "subscriptionRequest/filterexpression": "_parentcontactid_value eq null"
            },
            "authentication": "@parameters('$authentication')"
          }
        }
      },
      "actions": {
        "Condition": {
          "actions": {
            "List_rows": {
              "runAfter": {},
              "metadata": {
                "operationMetadataId": "c358fae7-c745-4d88-861d-3e28c154f976"
              },
              "type": "OpenApiConnection",
              "inputs": {
                "host": {
                  "connectionName": "shared_commondataserviceforapps",
                  "operationId": "ListRecords",
                  "apiId": "/providers/Microsoft.PowerApps/apis/shared_commondataserviceforapps"
                },
                "parameters": {
                  "entityName": "contacts",
                  "$filter": "mobilephone eq '@{triggerOutputs()?['body/mobilephone']}'",
                  "$top": 1
                },
                "authentication": "@parameters('$authentication')"
              }
            },
            "Condition_2": {
              "actions": {
                "Apply_to_each": {
                  "foreach": "@outputs('List_rows')?['body/value']",
                  "actions": {
                    "Update_a_row": {
                      "runAfter": {},
                      "metadata": {
                        "operationMetadataId": "7fdba2d1-ef71-4543-9ddc-598cdd713406"
                      },
                      "type": "OpenApiConnection",
                      "inputs": {
                        "host": {
                          "connectionName": "shared_commondataserviceforapps",
                          "operationId": "UpdateRecord",
                          "apiId": "/providers/Microsoft.PowerApps/apis/shared_commondataserviceforapps"
                        },
                        "parameters": {
                          "entityName": "leads",
                          "recordId": "@triggerOutputs()?['body/leadid']",
                          "item/parentcontactid@odata.bind": "/contacts(@{items('Apply_to_each')?['contactid']})"
                        },
                        "authentication": "@parameters('$authentication')"
                      }
                    }
                  },
                  "runAfter": {},
                  "metadata": {
                    "operationMetadataId": "90c291a3-37a2-4cff-a007-69fc2391b2d8"
                  },
                  "type": "Foreach"
                }
              },
              "runAfter": {
                "List_rows": [
                  "Succeeded"
                ]
              },
              "else": {
                "actions": {
                  "Set_variable_2": {
                    "runAfter": {},
                    "metadata": {
                      "operationMetadataId": "2ff0bf1d-a30d-4e83-9325-e5582c49e425"
                    },
                    "type": "SetVariable",
                    "inputs": {
                      "name": "cREATEcONTACT",
                      "value": "@true"
                    }
                  }
                }
              },
              "expression": {
                "greater": [
                  "@length(outputs('List_rows')?['body/value'])",
                  0
                ]
              },
              "metadata": {
                "operationMetadataId": "583b182c-dd1d-44e6-8d9e-a8bbfeaba116"
              },
              "type": "If"
            }
          },
          "runAfter": {
            "Initialize_variable": [
              "Succeeded"
            ]
          },
          "else": {
            "actions": {
              "Set_variable": {
                "runAfter": {},
                "metadata": {
                  "operationMetadataId": "e0a3202a-c40d-4632-a18d-776b4e2ec760"
                },
                "type": "SetVariable",
                "inputs": {
                  "name": "cREATEcONTACT",
                  "value": "@true"
                }
              }
            }
          },
          "expression": {
            "not": {
              "equals": [
                "@triggerOutputs()?['body/mobilephone']",
                "@null"
              ]
            }
          },
          "metadata": {
            "operationMetadataId": "65ee05ca-aeec-4740-b425-ffa0187b3c08"
          },
          "type": "If"
        },
        "Initialize_variable": {
          "runAfter": {},
          "metadata": {
            "operationMetadataId": "76b4a038-414a-420e-ae36-361df129377c"
          },
          "type": "InitializeVariable",
          "inputs": {
            "variables": [
              {
                "name": "cREATEcONTACT",
                "type": "boolean",
                "value": "@false"
              }
            ]
          }
        },
        "Condition_3": {
          "actions": {
            "Add_a_new_row": {
              "runAfter": {},
              "metadata": {
                "operationMetadataId": "d229ca57-d161-4203-b8bb-51a2dddbf2b5"
              },
              "type": "OpenApiConnection",
              "inputs": {
                "host": {
                  "connectionName": "shared_commondataserviceforapps",
                  "operationId": "CreateRecord",
                  "apiId": "/providers/Microsoft.PowerApps/apis/shared_commondataserviceforapps"
                },
                "parameters": {
                  "entityName": "contacts",
                  "item/lastname": "@triggerOutputs()?['body/lastname']",
                  "item/address1_line1": "@triggerOutputs()?['body/address1_line1']",
                  "item/address1_line2": "@triggerOutputs()?['body/address1_line2']",
                  "item/address1_postalcode": "@triggerOutputs()?['body/address1_postalcode']",
                  "item/emailaddress1": "@triggerOutputs()?['body/emailaddress1']",
                  "item/firstname": "@triggerOutputs()?['body/firstname']",
                  "item/mobilephone": "@triggerOutputs()?['body/mobilephone']"
                },
                "authentication": "@parameters('$authentication')"
              }
            },
            "Update_a_row_2": {
              "runAfter": {
                "Add_a_new_row": [
                  "Succeeded"
                ]
              },
              "metadata": {
                "operationMetadataId": "75a566b4-4035-412d-8a0f-8d31ea50c86c"
              },
              "type": "OpenApiConnection",
              "inputs": {
                "host": {
                  "connectionName": "shared_commondataserviceforapps",
                  "operationId": "UpdateRecord",
                  "apiId": "/providers/Microsoft.PowerApps/apis/shared_commondataserviceforapps"
                },
                "parameters": {
                  "entityName": "leads",
                  "recordId": "@triggerOutputs()?['body/leadid']",
                  "item/parentcontactid@odata.bind": "/contacts(@{outputs('Add_a_new_row')?['body/contactid']})"
                },
                "authentication": "@parameters('$authentication')"
              }
            }
          },
          "runAfter": {
            "Condition": [
              "Succeeded"
            ]
          },
          "expression": {
            "equals": [
              "@variables('cREATEcONTACT')",
              "@true"
            ]
          },
          "metadata": {
            "operationMetadataId": "85a7ca82-1d43-4eaf-8dc0-78332aaf17d6"
          },
          "type": "If"
        }
      },
      "outputs": {}
    }
  },
  "schemaVersion": "1.0.0.0"
}