{
  "properties": {
    "connectionReferences": {
      "shared_commondataserviceforapps": {
        "runtimeSource": "embedded",
        "connection": {
          "connectionReferenceLogicalName": "new_sharedcommondataserviceforapps_d94eb"
        },
        "api": {
          "name": "shared_commondataserviceforapps"
        }
      },
      "shared_microsoftformspro": {
        "runtimeSource": "embedded",
        "connection": {
          "connectionReferenceLogicalName": "new_sharedmicrosoftformspro_fc799"
        },
        "api": {
          "name": "shared_microsoftformspro"
        }
      }
    },
    "definition": {
      "$schema": "https://schema.management.azure.com/providers/Microsoft.Logic/schemas/2016-06-01/workflowdefinition.json#",
      "contentVersion": "1.0.0.0",
      "parameters": {
        "$connections": {
          "defaultValue": {},
          "type": "Object"
        },
        "$authentication": {
          "defaultValue": {},
          "type": "SecureObject"
        }
      },
      "triggers": {
        "When_a_row_is_added,_modified_or_deleted": {
          "metadata": {
            "operationMetadataId": "1e4e4041-8973-4646-87b7-341c18e54ae6"
          },
          "type": "OpenApiConnectionWebhook",
          "inputs": {
            "host": {
              "connectionName": "shared_commondataserviceforapps",
              "operationId": "SubscribeWebhookTrigger",
              "apiId": "/providers/Microsoft.PowerApps/apis/shared_commondataserviceforapps"
            },
            "parameters": {
              "subscriptionRequest/message": 3,
              "subscriptionRequest/entityname": "msauto_testdrive",
              "subscriptionRequest/scope": 4,
              "subscriptionRequest/filteringattributes": "new_testdrivestatus",
              "subscriptionRequest/filterexpression": "new_testdrivestatus eq 100000001"
            },
            "authentication": "@parameters('$authentication')"
          }
        }
      },
      "actions": {
        "Send_a_survey_2": {
          "runAfter": {
            "Get_model": [
              "Succeeded"
            ]
          },
          "metadata": {
            "operationMetadataId": "2549741c-8e41-4a42-943c-1c966f6a3db7"
          },
          "type": "OpenApiConnection",
          "inputs": {
            "host": {
              "connectionName": "shared_microsoftformspro",
              "operationId": "sendSurvey",
              "apiId": "/providers/Microsoft.PowerApps/apis/shared_microsoftformspro"
            },
            "parameters": {
              "to": "skataria@microsoft.com",
              "ProjectId": "64210391-3d2f-454a-ba1a-e93a950b1e25",
              "FormId": "v3VMJyaOykmWcIL9hr51gMGsV8nf4rZMmZ-tSKkFMIhUNDNLTFEyOUtQR0w2T0o0SzZISzFXUTFOMS4u",
              "EmailTemplateId": "Custom_a3e2a54d-04ed-49b8-bb42-80b86432641e",
              "Regarding": "/msuato_testdrives(@{triggerOutputs()?['body/msauto_testdriveid']})",
              "item/Model": "@outputs('Get_model')?['body/msauto_name']",
              "item/Date": "@triggerOutputs()?['body/msauto_scheduledstart']"
            },
            "authentication": "@parameters('$authentication')"
          }
        },
        "Get_model": {
          "runAfter": {},
          "metadata": {
            "operationMetadataId": "1b4e0525-67b6-48cf-81ba-b3b66638c642"
          },
          "type": "OpenApiConnection",
          "inputs": {
            "host": {
              "connectionName": "shared_commondataserviceforapps",
              "operationId": "GetItem",
              "apiId": "/providers/Microsoft.PowerApps/apis/shared_commondataserviceforapps"
            },
            "parameters": {
              "entityName": "msauto_devicemodels",
              "recordId": "@triggerOutputs()?['body/_msauto_devicemodelid_value']"
            },
            "authentication": "@parameters('$authentication')"
          }
        }
      },
      "outputs": {}
    }
  },
  "schemaVersion": "1.0.0.0"
}