{
  "properties": {
    "connectionReferences": {
      "shared_commondataserviceforapps": {
        "runtimeSource": "embedded",
        "connection": {
          "connectionReferenceLogicalName": "new_sharedcommondataserviceforapps_d94eb"
        },
        "api": {
          "name": "shared_commondataserviceforapps"
        }
      },
      "shared_assistantstudio": {
        "runtimeSource": "embedded",
        "connection": {
          "connectionReferenceLogicalName": "new_sharedassistantstudio_60ff6"
        },
        "api": {
          "name": "shared_assistantstudio"
        }
      }
    },
    "definition": {
      "$schema": "https://schema.management.azure.com/providers/Microsoft.Logic/schemas/2016-06-01/workflowdefinition.json#",
      "contentVersion": "1.0.0.0",
      "parameters": {
        "$connections": {
          "defaultValue": {},
          "type": "Object"
        },
        "$authentication": {
          "defaultValue": {},
          "type": "SecureObject"
        }
      },
      "triggers": {
        "When_a_row_is_added,_modified_or_deleted": {
          "metadata": {
            "operationMetadataId": "23e68a26-175d-4e07-a097-44d955ba4de6"
          },
          "type": "OpenApiConnectionWebhook",
          "inputs": {
            "host": {
              "connectionName": "shared_commondataserviceforapps",
              "operationId": "SubscribeWebhookTrigger",
              "apiId": "/providers/Microsoft.PowerApps/apis/shared_commondataserviceforapps"
            },
            "parameters": {
              "subscriptionRequest/message": 4,
              "subscriptionRequest/entityname": "msauto_testdrive",
              "subscriptionRequest/scope": 4,
              "subscriptionRequest/filteringattributes": "msauto_leadid",
              "subscriptionRequest/filterexpression": "_msauto_leadid_value ne null"
            },
            "authentication": "@parameters('$authentication')"
          }
        }
      },
      "actions": {
        "Get_Lead": {
          "runAfter": {},
          "metadata": {
            "operationMetadataId": "9a07a38b-b35d-4f33-9d96-e5d7038602ba"
          },
          "type": "OpenApiConnection",
          "inputs": {
            "host": {
              "connectionName": "shared_commondataserviceforapps",
              "operationId": "GetItem",
              "apiId": "/providers/Microsoft.PowerApps/apis/shared_commondataserviceforapps"
            },
            "parameters": {
              "entityName": "leads",
              "recordId": "@triggerOutputs()?['body/_msauto_leadid_value']"
            },
            "authentication": "@parameters('$authentication')"
          }
        },
        "Create_card_for_assistant_V3": {
          "runAfter": {
            "Get_Lead": [
              "Succeeded"
            ]
          },
          "metadata": {
            "operationMetadataId": "c70ca3ef-0d03-4e4a-8f37-a31552d6103e"
          },
          "type": "OpenApiConnection",
          "inputs": {
            "host": {
              "connectionName": "shared_assistantstudio",
              "operationId": "CreateActionCard_V3",
              "apiId": "/providers/Microsoft.PowerApps/apis/shared_assistantstudio"
            },
            "parameters": {
              "organization": "https://org55b27586.crm.dynamics.com",
              "body/cardname": "Test Drive",
              "body/title": "Test Drive Scheduled",
              "body/description": "Test drive scheduled at @{triggerOutputs()?['body/msauto_scheduledstart']}",
              "actiontype": "OpenEntity",
              "regardingobjecttype": "leads",
              "regardingobjectid": "@outputs('Get_Lead')?['body/leadid']",
              "ownerid": "@outputs('Get_Lead')?['body/_ownerid_value']",
              "body/dynamicproperties/actionname": "View test drive",
              "body/dynamicproperties/entitytype": "msauto_testdrives",
              "body/dynamicproperties/entityid": "@triggerOutputs()?['body/msauto_testdriveid']"
            },
            "authentication": "@parameters('$authentication')"
          }
        }
      },
      "outputs": {}
    }
  },
  "schemaVersion": "1.0.0.0"
}