{
  "properties": {
    "connectionReferences": {
      "shared_commondataservice": {
        "runtimeSource": "embedded",
        "connection": {},
        "api": {
          "name": "shared_commondataservice"
        }
      },
      "shared_assistantstudio": {
        "runtimeSource": "embedded",
        "connection": {},
        "api": {
          "name": "shared_assistantstudio"
        }
      }
    },
    "definition": {
      "$schema": "https://schema.management.azure.com/providers/Microsoft.Logic/schemas/2016-06-01/workflowdefinition.json#",
      "contentVersion": "1.0.0.0",
      "parameters": {
        "$connections": {
          "defaultValue": {},
          "type": "Object"
        },
        "$authentication": {
          "defaultValue": {},
          "type": "SecureObject"
        },
        "dynamicscrmonline.organizationName": {
          "defaultValue": "",
          "type": "String"
        },
        "dynamicscrmonline.organizationFullUrl": {
          "defaultValue": "",
          "type": "String"
        }
      },
      "triggers": {
        "When_a_stage_is_updated": {
          "metadata": {
            "flowSystemMetadata": {
              "swaggerOperationId": "SubscribeOnUpdatedItems"
            },
            "operationMetadataId": "3e814178-ec39-4294-9825-1cecac0cec24"
          },
          "type": "ApiConnectionWebhook",
          "inputs": {
            "host": {
              "connection": {
                "name": "@parameters('$connections')['shared_commondataservice']['connectionId']"
              }
            },
            "body": {
              "NotificationUrl": "@{listCallbackUrl()}"
            },
            "path": "/datasets/@{encodeURIComponent(encodeURIComponent('unq83020748d4ce4ea9ae480db4912dc.crm'))}/tables/@{encodeURIComponent(encodeURIComponent('leadtoopportunitysalesprocesses'))}/onupdateditemswebhook",
            "queries": {
              "scope": "Organization"
            },
            "authentication": "@parameters('$authentication')"
          }
        }
      },
      "actions": {
        "get_the_active_stage": {
          "runAfter": {},
          "metadata": {
            "flowSystemMetadata": {
              "swaggerOperationId": "GetItem_V2"
            },
            "operationMetadataId": "50c6fe3b-b456-4e8c-9249-f5b42fa60116"
          },
          "type": "ApiConnection",
          "inputs": {
            "host": {
              "connection": {
                "name": "@parameters('$connections')['shared_commondataservice']['connectionId']"
              }
            },
            "method": "get",
            "path": "/v2/datasets/@{encodeURIComponent(encodeURIComponent('unq83020748d4ce4ea9ae480db4912dc.crm'))}/tables/@{encodeURIComponent(encodeURIComponent('leadtoopportunitysalesprocesses'))}/items/@{encodeURIComponent(encodeURIComponent(triggerBody()?['_activestageid_value']))}",
            "authentication": "@parameters('$authentication')"
          }
        },
        "Get_record": {
          "runAfter": {
            "get_the_active_stage": [
              "Succeeded"
            ]
          },
          "metadata": {
            "flowSystemMetadata": {
              "swaggerOperationId": "GetItem_V2"
            },
            "operationMetadataId": "5a46dc2d-166c-45f4-9bbd-3f7159825522"
          },
          "type": "ApiConnection",
          "inputs": {
            "host": {
              "connection": {
                "name": "@parameters('$connections')['shared_commondataservice']['connectionId']"
              }
            },
            "method": "get",
            "path": "/v2/datasets/@{encodeURIComponent(encodeURIComponent('unq83020748d4ce4ea9ae480db4912dc.crm'))}/tables/@{encodeURIComponent(encodeURIComponent('leadtoopportunitysalesprocesses'))}/items/@{encodeURIComponent(encodeURIComponent(triggerBody()?['_opportunityid_value']))}",
            "authentication": "@parameters('$authentication')"
          }
        },
        "check_if_the_stage_is_valid_new_state": {
          "actions": {
            "Create_card_for_assistant": {
              "runAfter": {},
              "metadata": {
                "flowSystemMetadata": {
                  "swaggerOperationId": "Create an Action Card"
                },
                "operationMetadataId": "512c8c2f-73f8-47ef-8b69-272de66ba0cc"
              },
              "type": "ApiConnection",
              "inputs": {
                "host": {
                  "connection": {
                    "name": "@parameters('$connections')['shared_assistantstudio']['connectionId']"
                  }
                },
                "method": "post",
                "body": {
                  "cardname": "Stage changed",
                  "title": "@{body('get_the_active_stage')?['stagename']} stage detected",
                  "description": "The stage for @{body('Get_record')['name']} changed to @{body('get_the_active_stage')?['stagename']}. Here are some best practices on how you can learn from your company to move this opportunity forward.",
                  "dynamicproperties": {
                    "actionname": "Open",
                    "url": "https://www.microsoft.com/en-us/microsoft-365/success/productivitylibrary/tap-into-sales-best-practices-across-the-company"
                  }
                },
                "headers": {
                  "organization": "https://org55b27586.crm.dynamics.com",
                  "actiontype": "OpenURL",
                  "regardingobjecttype": "opportunities",
                  "regardingobjectid": "@triggerBody()?['_opportunityid_value']",
                  "ownerid": "@body('Get_record')?['_ownerid_value']"
                },
                "path": "/api/V3/ActionCardCreate",
                "authentication": "@parameters('$authentication')"
              }
            }
          },
          "runAfter": {
            "Get_record": [
              "Succeeded"
            ]
          },
          "expression": {
            "or": [
              {
                "equals": [
                  "@body('get_the_active_stage')?['stagename']",
                  "booking"
                ]
              },
              {
                "equals": [
                  "@body('get_the_active_stage')?['stagename']",
                  "discount approved"
                ]
              },
              {
                "equals": [
                  "@body('get_the_active_stage')?['stagename']",
                  "allocation"
                ]
              },
              {
                "equals": [
                  "@body('get_the_active_stage')?['stagename']",
                  "invoice & delivery"
                ]
              }
            ]
          },
          "metadata": {
            "operationMetadataId": "fc6c69d4-02e0-41c6-9a2a-9ae8d1c9824e"
          },
          "type": "If"
        }
      },
      "outputs": {}
    }
  },
  "schemaVersion": "1.0.0.0"
}